[
  {
    "reg_no": "1001",
    "name": "SINAN .K",
    "hadees": 28,
    "fiqh": 16,
    "insha": 13,
    "quran_hifz": 38,
    "azkar": 49,
    "total": 144,
    "status": "FAIL",
    "rank": 10
  },
  {
    "reg_no": "1002",
    "name": "FAHIMSHA",
    "hadees": 40,
    "fiqh": 47,
    "insha": 25,
    "quran_hifz": 88,
    "azkar": 50,
    "total": 250,
    "status": "PASS",
    "rank": 2
  },
  {
    "reg_no": "1003",
    "name": "JISHAM",
    "hadees": 45,
    "fiqh": 45,
    "insha": 25,
    "quran_hifz": 86,
    "azkar": 50,
    "total": 251,
    "status": "PASS",
    "rank": 1
  },
  {
    "reg_no": "1004",
    "name": "SHAMEEM",
    "hadees": 30,
    "fiqh": 32,
    "insha": 12,
    "quran_hifz": 75,
    "azkar": 43,
    "total": 192,
    "status": "FAIL",
    "rank": 8
  },
  {
    "reg_no": "1005",
    "name": "YASEEN",
    "hadees": 34,
    "fiqh": 33,
    "insha": 12,
    "quran_hifz": 68,
    "azkar": 48,
    "total": 195,
    "status": "FAIL",
    "rank": 7
  },
  {
    "reg_no": "1006",
    "name": "NALR",
    "hadees": 45,
    "fiqh": 18,
    "insha": 25,
    "quran_hifz": 98,
    "azkar": 50,
    "total": 236,
    "status": "PASS",
    "rank": 4
  },
  {
    "reg_no": "1007",
    "name": "SAMEEL",
    "hadees": 18,
    "fiqh": 30,
    "insha": 20,
    "quran_hifz": 55,
    "azkar": 50,
    "total": 173,
    "status": "PASS",
    "rank": 9
  },
  {
    "reg_no": "1008",
    "name": "BISHR",
    "hadees": 44,
    "fiqh": 41,
    "insha": 19,
    "quran_hifz": 78,
    "azkar": 45,
    "total": 227,
    "status": "PASS",
    "rank": 6
  },
  {
    "reg_no": "1009",
    "name": "ZIYAD",
    "hadees": 15,
    "fiqh": 15,
    "insha": 8,
    "quran_hifz": 45,
    "azkar": 40,
    "total": 123,
    "status": "FAIL",
    "rank": 11
  },
  {
    "reg_no": "1010",
    "name": "SAYYID MIHJA .PMS",
    "hadees": 39,
    "fiqh": 42,
    "insha": 21,
    "quran_hifz": 84,
    "azkar": 47,
    "total": 233,
    "status": "PASS",
    "rank": 5
  },
  {
    "reg_no": "1011",
    "name": "FAYIS",
    "hadees": 10,
    "fiqh": 10,
    "insha": 12,
    "quran_hifz": 46,
    "azkar": 30,
    "total": 108,
    "status": "FAIL",
    "rank": 12
  },
  {
    "reg_no": "1012",
    "name": "UVAIS",
    "hadees": 31,
    "fiqh": 40,
    "insha": 21,
    "quran_hifz": 96,
    "azkar": 50,
    "total": 238,
    "status": "PASS",
    "rank": 3
  }
]